form_id,url,form_index_on_page,form_intent,visible_heading,submit_button_text,legacy_form_type,legacy_field_names,canonical_name_field,canonical_email_field,canonical_phone_field,canonical_address_field,canonical_message_field,canonical_service_field,required_fields,target_action,target_method,js_handler,no_js_behavior,migration_status,fixture_test,e2e_test
ME-F01,/,1,service enquiry,Service Areas,Submit,elementor,New Form;post_id;form_id;referer_title;queried_id;form_fields[name];form_fields[email];form_fields[field_ab7fb75];form_fields[field_07de171];form_fields[message],form_fields[name],form_fields[email],form_fields[field_*],,form_fields[message],,name + (email or phone),https://forms.moldandenvironmental.com/api/lead,POST,me-lead-form.js,native POST -> 303 -> /request-received/,NOT_MIGRATED,NO,NO
ME-F02,/about/,1,service enquiry,We know how to deal with mold and mildew,Submit,elementor,New Form;post_id;form_id;referer_title;queried_id;form_fields[name];form_fields[email];form_fields[field_ab7fb75];form_fields[field_07de171];form_fields[message],form_fields[name],form_fields[email],form_fields[field_*],,form_fields[message],,name + (email or phone),https://forms.moldandenvironmental.com/api/lead,POST,me-lead-form.js,native POST -> 303 -> /request-received/,NOT_MIGRATED,NO,NO
ME-F03,/air-quality-testing/,1,service enquiry,Indoor Air Quality Testing,Submit,elementor,New Form;post_id;form_id;referer_title;queried_id;form_fields[name];form_fields[email];form_fields[field_ab7fb75];form_fields[field_07de171];form_fields[message],form_fields[name],form_fields[email],form_fields[field_*],,form_fields[message],,name + (email or phone),https://forms.moldandenvironmental.com/api/lead,POST,me-lead-form.js,native POST -> 303 -> /request-received/,NOT_MIGRATED,NO,NO
ME-F04,/cleaning-sanitation-of-structure/,1,service enquiry,Lorem ipsum dolor sit amet,Submit,wpcf7-fullname,fullname;fullname;email;email;phone;phone;address;address;detail;detail,fullname,email,phone,address,detail,,name + (email or phone),https://forms.moldandenvironmental.com/api/lead,POST,me-lead-form.js,native POST -> 303 -> /request-received/,NOT_MIGRATED,NO,NO
ME-F05,/cleaning-sanitation-of-structure/,2,service enquiry,Book Your Inspection Today,Submit,wpcf7-fullname,fullname;fullname;email;email;phone;phone;address;address;detail;detail,fullname,email,phone,address,detail,,name + (email or phone),https://forms.moldandenvironmental.com/api/lead,POST,me-lead-form.js,native POST -> 303 -> /request-received/,NOT_MIGRATED,NO,NO
ME-F06,/contact-us-today/,1,service enquiry,GET IN TOUCH We love to hear from you,Submit,wpcf7-fullname,fullname;fullname;email;email;phone;phone;address;address;detail;detail,fullname,email,phone,address,detail,,name + (email or phone),https://forms.moldandenvironmental.com/api/lead,POST,me-lead-form.js,native POST -> 303 -> /request-received/,NOT_MIGRATED,NO,NO
ME-F07,/containment-in-affected-areas/,1,service enquiry,CONTAINMENT IN AFFECTED AREAS,Submit,wpcf7-fullname,fullname;fullname;email;email;phone;phone;address;address;detail;detail,fullname,email,phone,address,detail,,name + (email or phone),https://forms.moldandenvironmental.com/api/lead,POST,me-lead-form.js,native POST -> 303 -> /request-received/,NOT_MIGRATED,NO,NO
ME-F08,/containment-in-affected-areas/,2,service enquiry,Book Your Inspection Today,Submit,wpcf7-fullname,fullname;fullname;email;email;phone;phone;address;address;detail;detail,fullname,email,phone,address,detail,,name + (email or phone),https://forms.moldandenvironmental.com/api/lead,POST,me-lead-form.js,native POST -> 303 -> /request-received/,NOT_MIGRATED,NO,NO
ME-F09,/deodorization/,1,service enquiry,Lorem ipsum dolor sit amet,Submit,wpcf7-fullname,fullname;fullname;email;email;phone;phone;address;address;detail;detail,fullname,email,phone,address,detail,,name + (email or phone),https://forms.moldandenvironmental.com/api/lead,POST,me-lead-form.js,native POST -> 303 -> /request-received/,NOT_MIGRATED,NO,NO
ME-F10,/deodorization/,2,service enquiry,Book Your Inspection Today,Submit,wpcf7-fullname,fullname;fullname;email;email;phone;phone;address;address;detail;detail,fullname,email,phone,address,detail,,name + (email or phone),https://forms.moldandenvironmental.com/api/lead,POST,me-lead-form.js,native POST -> 303 -> /request-received/,NOT_MIGRATED,NO,NO
ME-F11,/faqs-about-mold-and-mildews/,1,service enquiry,Leave a Reply Cancel reply,Post Comment,UNCLASSIFIED,comment;author;email;url;wp-comment-cookies-consent;submit,,,,,,,name + (email or phone),https://forms.moldandenvironmental.com/api/lead,POST,me-lead-form.js,native POST -> 303 -> /request-received/,NOT_MIGRATED,NO,NO
ME-F12,/get-an-quote/,1,service enquiry,Get a Free Estimate,Submit,wpcf7-fullname,fullname;fullname;email;email;phone;phone;address;address;detail;detail,fullname,email,phone,address,detail,,name + (email or phone),https://forms.moldandenvironmental.com/api/lead,POST,me-lead-form.js,native POST -> 303 -> /request-received/,NOT_MIGRATED,NO,NO
ME-F13,/humidity-and-mold-growth/,1,service enquiry,Leave a Reply Cancel reply,Post Comment,UNCLASSIFIED,comment;author;email;url;wp-comment-cookies-consent;submit,,,,,,,name + (email or phone),https://forms.moldandenvironmental.com/api/lead,POST,me-lead-form.js,native POST -> 303 -> /request-received/,NOT_MIGRATED,NO,NO
ME-F14,/indoor-air-quality-testing/,1,service enquiry,Indoor Air Quality Testing,Submit,wpcf7-fullname,fullname;fullname;email;email;phone;phone;address;address;detail;detail,fullname,email,phone,address,detail,,name + (email or phone),https://forms.moldandenvironmental.com/api/lead,POST,me-lead-form.js,native POST -> 303 -> /request-received/,NOT_MIGRATED,NO,NO
ME-F15,/indoor-air-quality-testing/,2,service enquiry,Book Your Inspection Today,Submit,wpcf7-fullname,fullname;fullname;email;email;phone;phone;address;address;detail;detail,fullname,email,phone,address,detail,,name + (email or phone),https://forms.moldandenvironmental.com/api/lead,POST,me-lead-form.js,native POST -> 303 -> /request-received/,NOT_MIGRATED,NO,NO
ME-F16,/is-mold-aspergillus-dangerous/,1,service enquiry,Leave a Reply Cancel reply,Post Comment,UNCLASSIFIED,comment;author;email;url;wp-comment-cookies-consent;submit,,,,,,,name + (email or phone),https://forms.moldandenvironmental.com/api/lead,POST,me-lead-form.js,native POST -> 303 -> /request-received/,NOT_MIGRATED,NO,NO
ME-F17,/mold-grow-under-vinyl-plank-flooring/,1,service enquiry,Leave a Reply Cancel reply,Post Comment,UNCLASSIFIED,comment;author;email;url;wp-comment-cookies-consent;submit,,,,,,,name + (email or phone),https://forms.moldandenvironmental.com/api/lead,POST,me-lead-form.js,native POST -> 303 -> /request-received/,NOT_MIGRATED,NO,NO
ME-F18,/mold-inspection-and-testing/,1,service enquiry,Mold Inspection &amp; Testing,Submit,elementor,New Form;post_id;form_id;referer_title;queried_id;form_fields[name];form_fields[email];form_fields[field_ab7fb75];form_fields[field_07de171];form_fields[message],form_fields[name],form_fields[email],form_fields[field_*],,form_fields[message],,name + (email or phone),https://forms.moldandenvironmental.com/api/lead,POST,me-lead-form.js,native POST -> 303 -> /request-received/,NOT_MIGRATED,NO,NO
ME-F19,/mold-remediation-in-fort-lauderdale/,1,service enquiry,Mold and Environmental-our services,Submit,elementor,New Form;post_id;form_id;referer_title;queried_id;form_fields[name];form_fields[email];form_fields[field_ab7fb75];form_fields[field_07de171];form_fields[message],form_fields[name],form_fields[email],form_fields[field_*],,form_fields[message],,name + (email or phone),https://forms.moldandenvironmental.com/api/lead,POST,me-lead-form.js,native POST -> 303 -> /request-received/,NOT_MIGRATED,NO,NO
ME-F20,/mold-remediation-vero-beach-fl/,1,service enquiry,Our Services in Vero Beach FL,Submit,elementor,New Form;post_id;form_id;referer_title;queried_id;form_fields[name];form_fields[email];form_fields[field_ab7fb75];form_fields[field_07de171];form_fields[message],form_fields[name],form_fields[email],form_fields[field_*],,form_fields[message],,name + (email or phone),https://forms.moldandenvironmental.com/api/lead,POST,me-lead-form.js,native POST -> 303 -> /request-received/,NOT_MIGRATED,NO,NO
ME-F21,/mold-removal-and-remediation/,1,service enquiry,Mold Removal &amp; Remediation,Submit,elementor,New Form;post_id;form_id;referer_title;queried_id;form_fields[name];form_fields[email];form_fields[field_ab7fb75];form_fields[field_07de171];form_fields[message],form_fields[name],form_fields[email],form_fields[field_*],,form_fields[message],,name + (email or phone),https://forms.moldandenvironmental.com/api/lead,POST,me-lead-form.js,native POST -> 303 -> /request-received/,NOT_MIGRATED,NO,NO
ME-F22,/mold-removal-in-fort-pierce/,1,service enquiry,Mold Testing in Fort Pierce,Submit,elementor,New Form;post_id;form_id;referer_title;queried_id;form_fields[name];form_fields[email];form_fields[field_ab7fb75];form_fields[field_07de171];form_fields[message],form_fields[name],form_fields[email],form_fields[field_*],,form_fields[message],,name + (email or phone),https://forms.moldandenvironmental.com/api/lead,POST,me-lead-form.js,native POST -> 303 -> /request-received/,NOT_MIGRATED,NO,NO
ME-F23,/mold-removal-port-saint-lucie/,1,service enquiry,"We are a local business, so why should you choose us?",Submit,elementor,New Form;post_id;form_id;referer_title;queried_id;form_fields[name];form_fields[email];form_fields[field_ab7fb75];form_fields[field_07de171];form_fields[message],form_fields[name],form_fields[email],form_fields[field_*],,form_fields[message],,name + (email or phone),https://forms.moldandenvironmental.com/api/lead,POST,me-lead-form.js,native POST -> 303 -> /request-received/,NOT_MIGRATED,NO,NO
ME-F24,/mold-removal-vs-remediation/,1,service enquiry,Leave a Reply Cancel reply,Post Comment,UNCLASSIFIED,comment;author;email;url;wp-comment-cookies-consent;submit,,,,,,,name + (email or phone),https://forms.moldandenvironmental.com/api/lead,POST,me-lead-form.js,native POST -> 303 -> /request-received/,NOT_MIGRATED,NO,NO
ME-F25,/mold-removal-west-palm-beach/,1,service enquiry,Mold Testing West Palm Beach,Submit,elementor,New Form;post_id;form_id;referer_title;queried_id;form_fields[name];form_fields[email];form_fields[field_ab7fb75];form_fields[field_07de171];form_fields[message],form_fields[name],form_fields[email],form_fields[field_*],,form_fields[message],,name + (email or phone),https://forms.moldandenvironmental.com/api/lead,POST,me-lead-form.js,native POST -> 303 -> /request-received/,NOT_MIGRATED,NO,NO
ME-F26,/newsletter/,1,newsletter/subscribe,Newsletter,Subscribe,UNCLASSIFIED,nr;nlang;ne,,,,,,,name + (email or phone),https://forms.moldandenvironmental.com/api/lead,POST,me-lead-form.js,native POST -> 303 -> /request-received/,NOT_MIGRATED,NO,NO
ME-F27,/newsletter/,2,newsletter/subscribe,Newsletter,GET A QUOTE,cont-star,cont-name;cont-email;your-subject;cont-msg,cont-name,cont-email,,,cont-msg,,name + (email or phone),https://forms.moldandenvironmental.com/api/lead,POST,me-lead-form.js,native POST -> 303 -> /request-received/,NOT_MIGRATED,NO,NO
ME-F28,/types-of-mold/,1,service enquiry,Leave a Reply Cancel reply,Post Comment,UNCLASSIFIED,comment;author;email;url;wp-comment-cookies-consent;submit,,,,,,,name + (email or phone),https://forms.moldandenvironmental.com/api/lead,POST,me-lead-form.js,native POST -> 303 -> /request-received/,NOT_MIGRATED,NO,NO
